AG再次零封WB,游戏,最后在榜时间：2024-04-19 23:59,主持人：王者荣耀李小白君,36,39,155107
u23国足vs韩国u23,体育,最后在榜时间：2024-04-19 23:59,主持人：中国足球报道,67,39,163038
林高远vs樊振东,最后在榜时间：2024-04-19 23:59,240,1,1811613,0,0
建议面试要看公司的厕所环境,情感,最后在榜时间：2024-04-19 23:59,主持人：十染,9,25,132158
身上长了这4种小红点要抓紧看医生,健康,最后在榜时间：2024-04-19 23:59,主持人：梨视频,174,19,295549
郭碧婷i的好明显,综艺-内地综艺,最后在榜时间：2024-04-19 23:59,主持人：毒舌扒叔,90,28,228872
出道4个月的Jennie,明星,最后在榜时间：2024-04-19 23:59,主持人：时尚有饭,119,16,391701
麦承欢为姚志明留了一盏灯,电视剧-国产剧,最后在榜时间：2024-04-19 23:59,主持人：季风号苏打,41,38,168584
赵丽颖与凤行战绩,明星,最后在榜时间：2024-04-19 23:59,主持人：时尚有饭,7,17,126963
射手座最大的执念,星座,最后在榜时间：2024-04-19 23:59,主持人：陶白白Sensei,182,20,263595
杀妻谷歌工程师或被关押监狱精神病房,社会,最后在榜时间：2024-04-19 23:59,主持人：红星新闻,31,9,150012
IVE新预告,明星-日韩,最后在榜时间：2024-04-19 23:59,主持人：追剧少女栗子猫,50,34,191785
赵露思春日穿搭,明星,最后在榜时间：2024-04-19 23:59,主持人：了不起的微光,16,36,138810
林允的刷酸和修护心得,最后在榜时间：2024-04-19 23:59,58,26,208047,0,0
乘风2024,综艺,最后在榜时间：2024-04-19 23:59,主持人：乘风2024官方微博,310,9,331204
伊朗驻法使馆领事处遭强行闯入,时事,最后在榜时间：2024-04-19 23:59,主持人：CCTV国际时讯,101,8,661225
陈丽君初舞台第三,综艺-内地综艺,最后在榜时间：2024-04-19 23:59,主持人：知南娱乐,232,14,331894
肖战是学弟公认的校草,明星,最后在榜时间：2024-04-19 23:59,主持人：娱乐有饭,250,11,539545
苗苗回应浪姐初舞台站反了,明星-内地,最后在榜时间：2024-04-19 23:59,主持人：白鹿视频,18,26,139380
重生之我在霸总短剧里当保姆,最后在榜时间：2024-04-19 23:59,59,28,191789,0,0
这些信号提示你有血栓了,社会,最后在榜时间：2024-04-19 23:59,主持人：新浪新闻,5,21,138600
林高远4比2樊振东,体育,最后在榜时间：2024-04-19 23:59,主持人：咪咕体育,216,4,860568
肖战还给了两年的售后时间,明星-内地,最后在榜时间：2024-04-19 23:59,主持人：影视扒爷,190,22,297282
张小斐表情 真的心疼,最后在榜时间：2024-04-19 23:59,351,4,571890,0,0
孙颖莎说困难时就拼呗顶呗,体育,最后在榜时间：2024-04-19 23:59,主持人：界外编辑部,95,16,326150
以为是肠胃小毛病没想到是癌症,健康,最后在榜时间：2024-04-19 23:59,主持人：梨视频,90,23,277701
张予曦 可以不喝哑药吗,最后在榜时间：2024-04-19 23:59,295,2,787026,0,0
长大后才知道原来阳光不是免费的,搞笑,最后在榜时间：2024-04-19 23:59,主持人：大米很烦,56,21,214267
周扬青rap 罗志祥,最后在榜时间：2024-04-19 23:59,522,1,1991395,0,0
弟弟都亲了一夜承明你们呢,电视剧,最后在榜时间：2024-04-19 23:59,主持人：闻汤识面泡剧,11,1,154161
王楚钦展现出相声天赋了,体育,最后在榜时间：2024-04-19 23:59,主持人：界外编辑部,60,18,305630
中国人民解放军信息支援部队,社会,最后在榜时间：2024-04-19 23:59,主持人：新华社,254,1,1239401
张婧仪去看了周杰伦演唱会,明星-内地,最后在榜时间：2024-04-19 23:59,主持人：会火全娱乐,36,9,261546
陈昊宇分数,最后在榜时间：2024-04-19 23:59,225,2,794986,0,0
向太怎么也来参加浪姐了,最后在榜时间：2024-04-19 23:59,583,2,1462738,0,0
五一调休考虑过单休的人吗,搞笑,最后在榜时间：2024-04-19 23:59,主持人：情场摸鱼搭子,620,1,1961210
孙怡玫瑰裙,明星-内地,最后在榜时间：2024-04-19 23:59,主持人：娱圈时尚,106,11,569998
霉霉一天顶BLACKPINK八年,明星-其他,最后在榜时间：2024-04-19 23:59,主持人：C位视频,218,1,1434689
李溪芮发缝,最后在榜时间：2024-04-19 23:59,47,11,561429,0,0
面包车自燃幼儿园老师徒手拖走旁边车,社会,最后在榜时间：2024-04-19 23:59,主持人：央视新闻,533,9,606136
黄牛克星林俊杰,明星-其他,最后在榜时间：2024-04-19 23:59,56,7,449594,0
范丞丞为了讨好宋雨琦跳fate,综艺,最后在榜时间：2024-04-19 23:59,主持人：正牌娱乐,111,6,715897
特斯拉被裁中国员工发声,社会,最后在榜时间：2024-04-19 23:59,主持人：九派新闻,148,1,994605
男子酒后打死10余只火烈鸟获刑5年,社会,最后在榜时间：2024-04-19 23:59,主持人：九派新闻,96,2,576923
王琳 公派留学,最后在榜时间：2024-04-19 23:59,112,4,1043319,0,0
田曦薇 看得出她是公主,最后在榜时间：2024-04-19 23:59,181,2,1101039,0,0
数字丝路发展论坛,互联网,最后在榜时间：2024-04-19 23:59,主持人：光明网,98,3,1126127
丁克现状,最后在榜时间：2024-04-19 23:59,196,1,1710711,0,0
重庆严肃处理错收多收燃气费问题,社会,最后在榜时间：2024-04-19 23:59,主持人：北京头条,56,1,1204745
范丞丞说李晨把地坐穿,综艺-内地综艺,最后在榜时间：2024-04-19 23:58,主持人：读嘉官微,79,27,182969
河北发生多车相撞事故,社会,最后在榜时间：2024-04-19 23:53,主持人：新浪热点,170,5,487291
AG诚C2000淘汰,游戏,最后在榜时间：2024-04-19 23:50,主持人：成都AG和平精英,29,30,209426
延禧攻略,电视剧-国产剧,最后在榜时间：2024-04-19 23:48,主持人：电视剧延禧攻略,374,1,1203329
重庆通报燃气费多计多收问题,社会,最后在榜时间：2024-04-19 23:47,主持人：央视新闻,29,29,168855
一诺以雷霆击碎WB,游戏,最后在榜时间：2024-04-19 23:45,主持人：王者荣耀李小白君,17,40,143184
王楚钦采访,体育,最后在榜时间：2024-04-19 23:44,主持人：钦宝头头小可爱,38,6,208204
向佐上带娃综艺了,综艺,最后在榜时间：2024-04-19 23:41,主持人：卦圈少年,193,5,615519
王楚钦4比1张禹珍,最后在榜时间：2024-04-19 23:36,39,30,206268,0,0
刘亦菲保镖震惊脸,明星-内地,最后在榜时间：2024-04-19 23:33,主持人：新瓜娱乐,130,27,231977
极氪以奢侈品标准打造光辉,数码,最后在榜时间：2024-04-19 23:28,主持人：微博科技,103,11,451942
王楚钦晋级四强,最后在榜时间：2024-04-19 23:26,55,20,344872,0,0
万妮达说要回不去黑怕圈了,明星-内地,最后在榜时间：2024-04-19 23:23,主持人：RXSPAPP,43,35,199283
王楚钦vs张禹珍,体育,最后在榜时间：2024-04-19 23:22,主持人：咪咕乒乓球,135,5,646733
白鹿绑耳朵消肿,综艺-内地综艺,最后在榜时间：2024-04-19 23:21,主持人：今日星刊,124,12,406244
时代少年团楼间楼概念片上线,音乐-华语音乐,最后在榜时间：2024-04-19 23:17,主持人：新浪音乐,19,42,161640
浪姐初舞台排名,最后在榜时间：2024-04-19 23:16,448,2,736020,0,0
潮起互联网奔涌三十年,互联网,最后在榜时间：2024-04-19 23:07,主持人：贝壳财经,312,3,1402159
谭秦东病痛缠身拒收红包,社会,最后在榜时间：2024-04-19 23:06,主持人：封面新闻,65,15,427718
眼泪女王,电视剧-韩剧,最后在榜时间：2024-04-19 23:05,主持人：看韩影,65,2,218957
一诺司空震发育路,游戏,最后在榜时间：2024-04-19 23:03,主持人：KPL密探瓜皮,31,38,187746
第14届北京国际电影节,社会,最后在榜时间：2024-04-19 23:03,主持人：北京日报,376,3,1134074
AI也用到脱口秀界了,综艺-内地综艺,最后在榜时间：2024-04-19 22:55,主持人：新丝路网,3,47,138225
张真源痛苦三连击,综艺,最后在榜时间：2024-04-19 22:54,主持人：阿尔忒弥斯小美伢,11,45,147773
蓝莓表面的白霜需要洗掉吗,搞笑,最后在榜时间：2024-04-19 22:53,主持人：阿伟笑长,18,48,141658
WTT,最后在榜时间：2024-04-19 22:52,27,3,230232,0,0
茶百道联名,美食,最后在榜时间：2024-04-19 22:51,主持人：茶百道ChaPanda,33,11,599397
侃爷殴打涉嫌性侵妻子的男子,明星,最后在榜时间：2024-04-19 22:48,主持人：新浪大文娱,404,4,1204257
孙颖莎晋级四强,最后在榜时间：2024-04-19 22:45,25,34,162399,0,0
文咏珊好薄一片,明星-港台,最后在榜时间：2024-04-19 22:40,主持人：青柚子娱乐,126,15,351119
淘宝将支持无限次退货包运费,互联网,最后在榜时间：2024-04-19 22:35,主持人：新浪科技,95,15,397439
孙颖莎4比2郑怡静,最后在榜时间：2024-04-19 22:33,48,18,296427,0,0
王曼昱vs早田希娜,体育,最后在榜时间：2024-04-19 22:32,主持人：咪咕体育,146,5,645946
何洁上桌是为吴恙拿纸擦口红,综艺,最后在榜时间：2024-04-19 22:30,主持人：三个四娱乐,79,32,199493
AG对战WB,游戏,最后在榜时间：2024-04-19 22:28,主持人：KPL王者荣耀职业联赛,81,1,206287
伊朗高官称暂无立即报复以色列计划,时事,最后在榜时间：2024-04-19 22:28,主持人：参考消息,113,25,191198
樊振东林高远这球直接全体起立,体育,最后在榜时间：2024-04-19 22:27,主持人：咪咕体育,29,39,142960
走走停停,旅游,最后在榜时间：2024-04-19 22:27,21,36,156613,0
中国人民解放军形成新型军兵种结构布局,社会,最后在榜时间：2024-04-19 22:24,主持人：新华社,102,24,199358
JackeyLove说elk履历太白,游戏,最后在榜时间：2024-04-19 22:22,主持人：LOL动图菌,116,15,323028
霉霉也玩第五人格,最后在榜时间：2024-04-19 22:21,234,2,815211,0,0
周鸿祎被车企大佬宠到眼花缭乱,社会,最后在榜时间：2024-04-19 22:20,主持人：铁骥视频,35,35,157782
朱丹 不许聊家庭孩子,最后在榜时间：2024-04-19 22:19,181,4,710843,0,0
孙颖莎vs郑怡静,体育,最后在榜时间：2024-04-19 22:18,主持人：咪咕体育,115,4,482213
哪吒,电影,最后在榜时间：2024-04-19 22:18,125,25,205055,0
网络空间部队担负什么任务,最后在榜时间：2024-04-19 22:16,1,50,119130,0,0
一顿小龙虾跌至一杯奶茶钱,社会,最后在榜时间：2024-04-19 22:13,主持人：九派新闻,222,11,441601
张艺兴爱豆妆造,明星-内地,最后在榜时间：2024-04-19 22:10,主持人：灰兔子大叔,77,32,197439
年少日记,最后在榜时间：2024-04-19 22:08,2,45,133026,0,0
ILLIT音银一位,明星-日韩,最后在榜时间：2024-04-19 22:07,主持人：网上冲浪快乐指南,59,31,200029
刘诗诗麻辣女教师,明星-内地,最后在榜时间：2024-04-19 22:02,主持人：正牌娱乐,175,4,584880
不要过度美化那条没走完的路,最后在榜时间：2024-04-19 22:01,20,39,181017,0,0
李书福谈未来汽车创新,汽车,最后在榜时间：2024-04-19 22:00,主持人：新浪新闻,88,21,270747
范丞丞奔跑吧表情包上新了,综艺,最后在榜时间：2024-04-19 21:59,主持人：奔跑吧,93,18,226864
我弟弟暗恋了我闺蜜10年,最后在榜时间：2024-04-19 21:58,423,2,949290,0,0
信息支援部队是全新打造的战略性兵种,军事,最后在榜时间：2024-04-19 21:57,主持人：国防部发布,103,4,525021
调降基金股票交易佣金费率,财经,最后在榜时间：2024-04-19 21:44,主持人：财联社APP,29,40,147057
女生骑行前后体重有什么变化,搞笑,最后在榜时间：2024-04-19 21:43,主持人：别抢我的汉堡宝,96,23,179443
什么姿势玩手机对颈部肌肉创伤最小,社会,最后在榜时间：2024-04-19 21:40,主持人：人民日报,33,40,185685
虞书欣黑雪公主,明星,最后在榜时间：2024-04-19 21:31,主持人：新剧有梗,118,4,650710
狼队第五人格,游戏,最后在榜时间：2024-04-19 21:30,主持人：狼崽的小肉垫,38,19,207016
美臀羊羊,最后在榜时间：2024-04-19 21:25,156,11,429959,0,0
AG诚C单局MVP,游戏,最后在榜时间：2024-04-19 21:23,主持人：成都AG和平精英,25,19,212856
奔跑吧,综艺,最后在榜时间：2024-04-19 21:17,主持人：奔跑吧,37,1,189919
肖战镜头下的谷雨,明星,最后在榜时间：2024-04-19 21:16,主持人：了不起的微光,26,33,180929
有没有害怕这种章鱼的,最后在榜时间：2024-04-19 21:13,24,39,143725,0,0
国防部谈信息支援部队成立,时事,最后在榜时间：2024-04-19 21:09,主持人：央视新闻,55,18,209057
TE对战成都Wolves,最后在榜时间：2024-04-19 21:07,1,50,113609,0,0
周杰伦杭州演唱会,明星,最后在榜时间：2024-04-19 21:07,主持人：周杰伦后援会官方微博,70,16,239865
戚薇唱了如果爱忘了,最后在榜时间：2024-04-19 21:06,407,5,849726,0,0
林高远晋级四强,最后在榜时间：2024-04-19 21:05,25,20,203043,0,0
成都AG二连鸡,游戏,最后在榜时间：2024-04-19 21:01,主持人：成都AG和平精英,25,20,204444
齐达内 拜仁,最后在榜时间：2024-04-19 20:58,67,17,206398,0,0
贺峻霖回中传了,明星-内地,最后在榜时间：2024-04-19 20:58,主持人：正牌娱乐,22,38,163025
李沁女团妆,明星,最后在榜时间：2024-04-19 20:51,主持人：正牌娱乐,97,16,227522
向晚毕业,最后在榜时间：2024-04-19 20:49,27,35,147272,0,0
谷雨也是联合国中文日,社会,最后在榜时间：2024-04-19 20:48,主持人：人民日报,68,38,152635
KPL,游戏,最后在榜时间：2024-04-19 20:48,29,1,146284,0
原来这就是媒人眼里的合适,搞笑,最后在榜时间：2024-04-19 20:42,主持人：晓资晓艺q9,93,23,282451
AG12淘汰吃鸡,游戏,最后在榜时间：2024-04-19 20:41,主持人：成都AG和平精英,27,19,204874
极氪发布会,最后在榜时间：2024-04-19 20:40,34,18,178532,0,0
当你下午请假调休,搞笑,最后在榜时间：2024-04-19 20:40,主持人：石锅拌地三鲜,109,22,220196
艺声 我的单身八周年,最后在榜时间：2024-04-19 20:38,48,32,172767,0,0
婆媳关系差一点就和谐了,搞笑,最后在榜时间：2024-04-19 20:37,主持人：人间摄像机,40,38,125029
沈梦辰杜海涛又发糖了,明星-内地,最后在榜时间：2024-04-19 20:36,主持人：正牌娱乐,140,13,411677
刚刷到下铺拉帘子的大学生自己就遇到了,搞笑,最后在榜时间：2024-04-19 20:35,主持人：大脑切片,159,9,315770
火箭少女101为Yamy打call,明星-内地,最后在榜时间：2024-04-19 20:33,主持人：吸睛时尚,295,6,803968
王曼昱晋级四强,最后在榜时间：2024-04-19 20:32,34,31,146318,0,0
白鹿cos朱迪兔警官,综艺-内地综艺,最后在榜时间：2024-04-19 20:29,主持人：星辰圈圈官微,188,13,315562
出去玩遇到会拍照的路人有多爽,社会,最后在榜时间：2024-04-19 20:28,主持人：白鹿视频,22,25,158211
黄晓明累坏了,最后在榜时间：2024-04-19 20:25,58,28,201612,0,0
冰上的尤里 声优发文,最后在榜时间：2024-04-19 20:23,85,24,168038,0,0
张艺兴完整版MV发布,音乐-华语音乐,最后在榜时间：2024-04-19 20:23,主持人：RXSPAPP,37,31,170902
一笙三连MVP,游戏,最后在榜时间：2024-04-19 20:22,主持人：辰熙电竞,3,50,104663
李溪芮漫画腿,综艺-内地综艺,最后在榜时间：2024-04-19 20:21,主持人：热剧指向标,105,23,248174
玉藻前典藏皮肤,游戏,最后在榜时间：2024-04-19 20:19,主持人：决战平安京,90,20,200447
王曼昱4比1早田希娜,体育,最后在榜时间：2024-04-19 20:15,主持人：咪咕体育,19,15,177099
Bin和369互放狠话,游戏,最后在榜时间：2024-04-19 20:14,主持人：竞圈风向标,55,35,154579
这么好玩的幼儿园建议全国推广,社会,最后在榜时间：2024-04-19 20:14,主持人：人民网,143,8,568317
狼队今天7个分部都有比赛,游戏,最后在榜时间：2024-04-19 20:12,主持人：狼队王者荣耀分部,1,50,103575
宇宙的尽头是勇气,社会,最后在榜时间：2024-04-19 20:10,主持人：新浪新闻,79,27,222447
优衣库T恤破吉尼斯纪录,社会,最后在榜时间：2024-04-19 20:10,主持人：新浪新闻,96,14,410870
张元英再现神级转圈,音乐-日韩音乐,最后在榜时间：2024-04-19 20:06,主持人：新浪韩娱,233,2,806997
女子支付宝蒙口令领走1万元红包,社会,最后在榜时间：2024-04-19 20:05,主持人：星视频,407,5,813659
以色列导弹袭击了伊朗目标,时事,最后在榜时间：2024-04-19 20:05,主持人：头条新闻,582,1,4558443
经常读书和不读书有什么区别,搞笑,最后在榜时间：2024-04-19 20:05,主持人：李纪颜,153,23,275244
恋爱兄妹,综艺-日韩综艺,最后在榜时间：2024-04-19 20:01,主持人：看韩影,45,5,181655
一葱一锤原则,最后在榜时间：2024-04-19 19:55,24,32,172401,0,0
伊以冲突,军事,最后在榜时间：2024-04-19 19:54,主持人：央广军事,439,1,670965
为什么越来越流行搭子文化,情感,最后在榜时间：2024-04-19 19:54,主持人：冲浪哥0,8,47,103704
中国养生在好莱坞有多火,美妆,最后在榜时间：2024-04-19 19:51,主持人：毛小星Ryan,82,22,290582
华为呼吁全国应用尽快加入鸿蒙,科技,最后在榜时间：2024-04-19 19:50,主持人：梨视频,82,2,808582
食物语数据,最后在榜时间：2024-04-19 19:48,49,24,220666,0,0
哈尔滨一九四四班底,最后在榜时间：2024-04-19 19:48,31,39,156234,0,0
尚雯婕切何洁,最后在榜时间：2024-04-19 19:46,413,2,1110997,0,0
苗苗浪姐初舞台站反了,综艺,最后在榜时间：2024-04-19 19:45,主持人：浪里看综艺,302,8,656391
刘诗诗费加罗四月刊封面,时尚,最后在榜时间：2024-04-19 19:40,主持人：MadameFigaro中文版,26,37,161626
12306 存钱,最后在榜时间：2024-04-19 19:35,422,1,2254917,0,0
怪不得晚自习这么安静,情感,最后在榜时间：2024-04-19 19:34,主持人：金煜南,47,27,213822
湘潭大学回应网传学生偷外卖被毒死,社会,最后在榜时间：2024-04-19 19:31,主持人：正观新闻,379,4,1102965
麦承欢蹦床,最后在榜时间：2024-04-19 19:25,13,43,124052,0,0
LPL春决媒体发布会,游戏,最后在榜时间：2024-04-19 19:18,主持人：英雄联盟赛事,76,18,226475
全球资本市场巨震,社会,最后在榜时间：2024-04-19 19:17,主持人：第一财经日报,217,4,504927
张予曦人长得美 唱歌就算了,明星,最后在榜时间：2024-04-19 19:14,366,5,945258,0
一诺六载拾光而上,游戏,最后在榜时间：2024-04-19 19:11,主持人：成都AG超玩会,22,29,206830
霉霉哥特风MV预告,最后在榜时间：2024-04-19 19:11,27,31,200382,0,0
她可是万妮达,综艺,最后在榜时间：2024-04-19 19:04,主持人：热剧指向标,154,12,390485
浪姐初舞台,最后在榜时间：2024-04-19 19:03,245,8,676444,0,0
我妈问我为什么1500不够花,搞笑,最后在榜时间：2024-04-19 18:59,主持人：我和奇葩室友的日常,302,21,319866
4月唯一正常的一周,情感,最后在榜时间：2024-04-19 18:55,主持人：微博小秘书,158,18,259003
生完小孩后走路再也不像之前那样了,最后在榜时间：2024-04-19 18:52,185,20,312518,0,0
小伞树奈奈领证,游戏,最后在榜时间：2024-04-19 18:51,主持人：英雄联盟菌,96,24,248693
哪吒CEO疑回应直播被和雷军对比,财经-其他,最后在榜时间：2024-04-19 18:50,主持人：老板联播,46,37,136884
赵昭仪在一声声叫好中迷失自我,最后在榜时间：2024-04-19 18:49,70,26,217019,0,0
李雨桐说日久见人心,社会,最后在榜时间：2024-04-19 18:49,主持人：梨视频,92,31,205622
Gr对战ZETA,游戏,最后在榜时间：2024-04-19 18:45,主持人：IVL侦探清欢酱,22,35,155683
记录了上大学后的爆改之路,搞笑,最后在榜时间：2024-04-19 18:44,主持人：何隽一,33,34,169431
马思纯送给孙千的巨幅海报,明星,最后在榜时间：2024-04-19 18:44,主持人：吸睛时尚,100,25,252049
徐明浩回应eight在seventeen,明星,最后在榜时间：2024-04-19 18:34,主持人：善娱视频,131,13,441137
像极了童话里的美人鱼,搞笑,最后在榜时间：2024-04-19 18:32,主持人：小白摸鱼日记,21,42,123296
周冠宇中国站冲刺排位赛第10,最后在榜时间：2024-04-19 18:27,89,25,259145,0,0
被北大学生的执行力震惊,最后在榜时间：2024-04-19 18:25,124,34,166810,0,0
你家的扫地机器人足够智能吗,数码,最后在榜时间：2024-04-19 18:24,主持人：微博科技生活,102,13,399281
黄子弘凡空降,最后在榜时间：2024-04-19 18:21,91,31,203717,0,0
我和霉霉的区别,最后在榜时间：2024-04-19 18:19,99,29,208358,0,0
打工人对调休表态,社会,最后在榜时间：2024-04-19 18:18,主持人：新京报,15,48,100154
湘潭大学,校园,最后在榜时间：2024-04-19 18:02,247,4,1278193,0
逆水寒手游,游戏,最后在榜时间：2024-04-19 18:01,主持人：逆水寒手游,51,20,233881
励志文男主张朝阳太卷了,最后在榜时间：2024-04-19 18:01,25,40,131615,0,0
上海家暴杀妻案被害者父母发声,社会,最后在榜时间：2024-04-19 17:58,主持人：凤凰周刊,116,14,510141
冰姐回应都美竹详细说明,明星,最后在榜时间：2024-04-19 17:58,主持人：娱乐有饭,31,31,190023
F1中国大奖赛,体育,最后在榜时间：2024-04-19 17:53,主持人：F1中国大奖赛,40,30,205856
程潇千禧辣妹妆,明星-内地,最后在榜时间：2024-04-19 17:42,主持人：哇哦文艺,67,23,278857
周冠宇F1主场登场,体育,最后在榜时间：2024-04-19 17:39,主持人：新浪赛车,125,24,244045
郑妮可初舞台第一,音乐-华语音乐,最后在榜时间：2024-04-19 17:38,主持人：LiveMusic现场,204,15,532585
感受到了自律的杀伤力,搞笑,最后在榜时间：2024-04-19 17:37,主持人：恋爱脑小洋,12,47,149970
今天星期五,社会,最后在榜时间：2024-04-19 17:33,主持人：中国新闻网,100,2,226071
庆余年 对打,最后在榜时间：2024-04-19 17:31,317,2,949560,0,0
伊朗宣布所有基地处于最高级别战备状态,时事,最后在榜时间：2024-04-19 17:30,主持人：环球网,313,7,815333
才发现按部就班根本赚不到钱,搞笑,最后在榜时间：2024-04-19 17:28,主持人：一条有梗菌,93,25,264599
张艺谋编剧 这是影史少见的角色塑造,最后在榜时间：2024-04-19 17:26,40,38,171678,0,0
陈丽君 花木兰孙悟空无缝衔接,最后在榜时间：2024-04-19 17:20,215,2,1249617,0,0
奔跑吧路透,综艺,最后在榜时间：2024-04-19 17:19,25,9,158948,0
周冠宇晋级SQ3,最后在榜时间：2024-04-19 17:17,42,24,212487,0,0
1680元看台票引发质疑,明星,最后在榜时间：2024-04-19 17:10,主持人：中国网财经,95,29,198504
以色列袭击叙利亚防空设施,时事,最后在榜时间：2024-04-19 17:06,主持人：头条新闻,89,32,197534
这些词大概只有中国人才懂,社会,最后在榜时间：2024-04-19 16:59,主持人：人民日报,4,49,104920
如何改掉逐字阅读的习惯,搞笑,最后在榜时间：2024-04-19 16:58,主持人：彬彬不冰,3,50,141378
乘风2024开播,综艺,最后在榜时间：2024-04-19 16:58,主持人：乘风2024官方微博,303,2,1089881
每位女性都值得拥有,美妆,最后在榜时间：2024-04-19 16:53,主持人：新浪女性,102,11,573072
华晨宇演唱会舞美渲染图,最后在榜时间：2024-04-19 16:50,24,30,205334,0,0
南湘回来了,最后在榜时间：2024-04-19 16:46,230,5,968001,0,0
蔡文静 你是多少人的妹妹,最后在榜时间：2024-04-19 16:41,83,33,178335,0,0
霉霉加曲,最后在榜时间：2024-04-19 16:39,61,23,243662,0,0
上海家暴杀妻案凶手说自己不是故意的,社会,最后在榜时间：2024-04-19 16:36,主持人：凤凰周刊,181,6,856766
陈梦vs平野美宇,体育,最后在榜时间：2024-04-19 16:30,主持人：新浪体育,121,18,425415
换乘恋爱,综艺,最后在榜时间：2024-04-19 16:28,主持人：环球综艺,172,1,324800
NCT新应援棒,明星-日韩,最后在榜时间：2024-04-19 16:28,主持人：会火全娱乐,58,23,263376
没十年功力玩不好LV大秀,时尚,最后在榜时间：2024-04-19 16:26,主持人：FashionWealth,79,32,213822
向佐说永远力挺郭碧婷,社会,最后在榜时间：2024-04-19 16:24,主持人：梨视频,30,27,226850
杨幂 美甲,最后在榜时间：2024-04-19 16:21,364,2,995344,0,0
张靓颖宣传霉霉新专,最后在榜时间：2024-04-19 16:18,46,34,202327,0,0
10万级车配不配上2C快充,汽车,最后在榜时间：2024-04-19 16:17,主持人：车迷头条,80,27,236266
口红试色的新方法找到了,最后在榜时间：2024-04-19 16:16,43,31,213555,0,0
戚薇浪姐最快乐的人,最后在榜时间：2024-04-19 16:16,149,14,686435,0,0
吴亦凡两关联公司欠税400余万,明星,最后在榜时间：2024-04-19 16:12,主持人：白鹿视频,295,6,724202
澳门世界杯陈梦进四强,体育,最后在榜时间：2024-04-19 16:02,主持人：咪咕体育,24,38,181067
没退休金的妈妈62岁去做保洁,社会,最后在榜时间：2024-04-19 15:54,主持人：新浪新闻,46,21,303961
Pura70或助华为重夺中国市场榜首,财经,最后在榜时间：2024-04-19 15:52,主持人：梨视频,44,35,173642
马龙太帅了,体育,最后在榜时间：2024-04-19 15:47,主持人：新浪大文娱,84,37,190580
苗苗跳舞在发光,最后在榜时间：2024-04-19 15:45,103,23,302984,0,0
孙艺洲版吕布造型,最后在榜时间：2024-04-19 15:43,73,27,202812,0,0
其实你已经过度疲劳了,最后在榜时间：2024-04-19 15:42,455,1,1728367,0,0
河南专升本查分,最后在榜时间：2024-04-19 15:38,25,40,164463,0,0
邓超要给鹿晗准备生日礼物了,明星-内地,最后在榜时间：2024-04-19 15:38,主持人：正牌娱乐,108,24,336576
秋水仙碱能杀人的救命药,健康,最后在榜时间：2024-04-19 15:37,主持人：微博医生社区,3,50,111906
教资面试平等逼疯每个i人,校园,最后在榜时间：2024-04-19 15:37,主持人：大学生吐槽bot,109,29,227242
霉霉新专苦难诗社,明星-欧美,最后在榜时间：2024-04-19 15:35,主持人：霉鬼,210,5,735922
澳门世界杯马龙进四强,体育,最后在榜时间：2024-04-19 15:33,主持人：咪咕体育,56,33,208329
以色列曾通知美国将报复伊朗,最后在榜时间：2024-04-19 15:32,1,50,96276,0,0
乘风 修音,最后在榜时间：2024-04-19 15:31,71,33,205700,0,0
12306 秒没,最后在榜时间：2024-04-19 15:30,31,1,204022,0,0
当县城体制内女孩不想结婚,社会,最后在榜时间：2024-04-19 15:26,主持人：新浪热点,189,14,505904
黄雅莉劝戚薇少把妹,综艺,最后在榜时间：2024-04-19 15:19,主持人：正牌娱乐,62,31,200675
袁娅维实力,最后在榜时间：2024-04-19 15:19,17,38,174183,0,0
去世两年的狗狗突然在朋友圈刷到,搞笑,最后在榜时间：2024-04-19 15:13,主持人：冲浪达人杜子腾,245,21,402380
未定事件簿少年如你,最后在榜时间：2024-04-19 15:08,4,47,134592,0,0
马龙vs户上隼辅,体育,最后在榜时间：2024-04-19 15:07,主持人：优酷体育,105,18,417182
男子割喉杀妻案一审被判死缓,社会,最后在榜时间：2024-04-19 15:07,主持人：中国新闻周刊,80,25,275941
老林留在Hero,游戏,最后在榜时间：2024-04-19 15:05,主持人：王者荣耀李小白君,23,38,175114
物华弥新谷雨公测,游戏,最后在榜时间：2024-04-19 15:04,主持人：物华弥新,22,24,264142
赵奕欢钢管舞,最后在榜时间：2024-04-19 15:01,7,45,157071,0,0
朱亚文演王一博的爸爸,电影-华语电影,最后在榜时间：2024-04-19 14:59,主持人：芒果青春娱乐,126,13,493150
华为Pura70首批用户已收到新机,社会,最后在榜时间：2024-04-19 14:56,主持人：星视频,85,29,215877
伊朗发射防空导弹,军事,最后在榜时间：2024-04-19 14:53,主持人：央广军事,175,4,926114
张元英夏日画报,明星-日韩,最后在榜时间：2024-04-19 14:50,主持人：tag少年,25,33,207046
冰上的尤里官宣制作中止,动漫-日本动漫,最后在榜时间：2024-04-19 14:49,主持人：叶不羞羞羞羞羞羞,31,32,206214
狗窝尺码买错了,搞笑,最后在榜时间：2024-04-19 14:45,主持人：神奇动物小只猪,110,27,214144
AI音乐概念股,社会,最后在榜时间：2024-04-19 14:41,主持人：新浪新闻,96,14,702945
尚雯婕 电子唱跳人,最后在榜时间：2024-04-19 14:31,17,36,183041,0,0
姑父强奸猥亵侄女从小学三年级至高二,社会,最后在榜时间：2024-04-19 14:29,主持人：观察者网,400,11,467276
刘亦菲微醺,最后在榜时间：2024-04-19 14:29,206,11,522547,0,0
儿媳肺癌晚期婆婆拿做保姆的钱给她治病,社会,最后在榜时间：2024-04-19 14:29,主持人：钱江晚报,386,4,1084338
薛之谦诉李雨桐案已撤诉,社会,最后在榜时间：2024-04-19 14:29,主持人：梨视频,182,11,647048
刘忻绝了,最后在榜时间：2024-04-19 14:25,19,25,263079,0,0
萨顶顶刘忻 梦回快女,最后在榜时间：2024-04-19 14:24,19,20,338802,0,0
泰国姐姐,最后在榜时间：2024-04-19 14:24,14,36,190695,0,0
广州天河宝马撞人案罪犯被执行死刑,社会,最后在榜时间：2024-04-19 14:23,主持人：央视新闻,227,2,1721545
王琳俄语,最后在榜时间：2024-04-19 14:22,14,37,183429,0,0
张杰时装巡演主题大片,时尚,最后在榜时间：2024-04-19 14:22,主持人：时装LOFFICIEL,22,35,177164
一夜承明 我嗑,最后在榜时间：2024-04-19 14:21,18,43,131063,0,0
萨顶顶真的很顶,最后在榜时间：2024-04-19 14:19,17,31,212539,0,0
陈昊宇唱歌好好听,最后在榜时间：2024-04-19 14:17,12,41,139857,0,0
张本美和4比1迪亚兹,最后在榜时间：2024-04-19 14:16,49,30,207162,0,0
白鹿奔跑吧路透,综艺-内地综艺,最后在榜时间：2024-04-19 14:15,主持人：宇宙娱乐派,36,31,209555
王琳舞台首秀 惊艳,最后在榜时间：2024-04-19 14:13,14,34,180298,0,0
文旅委称未掌握薛之谦演唱会互动造假证据,社会,最后在榜时间：2024-04-19 14:10,主持人：中新经纬,90,26,247662
李昊一张嘴成为生菜销冠,综艺,最后在榜时间：2024-04-19 14:06,主持人：新浪综艺,8,44,139911
网传重庆一老太被挖掘机当街碾压身亡,社会,最后在榜时间：2024-04-19 14:03,主持人：新浪新闻,237,4,855471
英美宣布对伊朗实施制裁,社会,最后在榜时间：2024-04-19 14:02,主持人：北京日报,200,5,733304
星穹铁道一周年,游戏,最后在榜时间：2024-04-19 14:01,主持人：崩坏星穹铁道,27,42,163448
黄金原油急涨,财经,最后在榜时间：2024-04-19 13:59,主持人：澎湃新闻,134,10,574201
fortnight,最后在榜时间：2024-04-19 13:57,45,31,210571,0,0
陈昊宇赤脚唱野子,综艺,最后在榜时间：2024-04-19 13:52,主持人：乘风2024官方微博,14,29,207359
五一不调休行不行,社会,最后在榜时间：2024-04-19 13:49,主持人：新浪热点,346,2,1503735
周深把大鱼带到联合国,音乐-华语音乐,最后在榜时间：2024-04-19 13:47,主持人：新浪演出,106,27,273473
孙子被爷爷教训后举报爷爷有枪,社会,最后在榜时间：2024-04-19 13:46,主持人：齐鲁晚报,204,20,386485
你们怎么说服的梁龙,明星-内地,最后在榜时间：2024-04-19 13:45,主持人：橘子娱乐,88,32,244119
芒果 转场,最后在榜时间：2024-04-19 13:42,18,29,216994,0,0
复旦研究生珠峰地区登山死亡,社会,最后在榜时间：2024-04-19 13:38,主持人：红星新闻,49,1,214631
老外狂赞中国支付,搞笑,最后在榜时间：2024-04-19 13:38,主持人：我的同学有点呆,23,38,175197
米游社崩了,最后在榜时间：2024-04-19 13:35,53,39,182877,0,0
伊朗,旅游,最后在榜时间：2024-04-19 13:35,222,1,460948,0
李耕耘身材,最后在榜时间：2024-04-19 13:34,95,32,232894,0,0
陈丽君抹眉心一秒变妆,最后在榜时间：2024-04-19 13:32,主持人：乘风2024官方微博,16,28,220227,0
A股,财经-金融市场,最后在榜时间：2024-04-19 13:29,70,1,236423,0
周峻纬第一部古装男主剧,情感,最后在榜时间：2024-04-19 13:28,主持人：鸳也萌萌小仙女,124,26,278034
奥运会狠狠修正我的审美,搞笑,最后在榜时间：2024-04-19 13:27,6,47,135792,0
承欢记欢乐买麦,电视剧,最后在榜时间：2024-04-19 13:24,主持人：电视剧承欢记,6,47,118038
TTPD,最后在榜时间：2024-04-19 13:23,24,32,204774,0,0
王一博钟楚曦对手戏,电影-华语电影,最后在榜时间：2024-04-19 13:19,主持人：正牌娱乐,94,29,238437
张本智和晋级,最后在榜时间：2024-04-19 13:18,55,31,250686,0,0
星穹铁道,游戏,最后在榜时间：2024-04-19 13:16,主持人：苏宇航,45,7,306061
刘忻还是那么帅,最后在榜时间：2024-04-19 13:16,43,19,343505,0,0
奔跑吧先导片直接上干货,综艺,最后在榜时间：2024-04-19 13:15,主持人：奔跑吧,146,13,443242
逆水寒代吃,最后在榜时间：2024-04-19 13:13,54,26,310597,0,0
赵奕欢背部身材,综艺,最后在榜时间：2024-04-19 13:11,主持人：浪里看综艺,89,16,472374
贾玲吞了一颗糖就像错过整个世界,明星,最后在榜时间：2024-04-19 13:09,主持人：茶房口娱乐,65,23,381986
被关晓彤春日Vlog治愈了,明星,最后在榜时间：2024-04-19 13:04,主持人：娱乐有饭,77,21,439635
刘耀文爆料宋亚轩想养蛇,综艺,最后在榜时间：2024-04-19 13:00,主持人：浪里看综艺,126,12,511365
伊朗等地传出爆炸声,时事,最后在榜时间：2024-04-19 12:56,主持人：凤凰网,202,2,848897
黄晓明古希腊掌管端水的神,明星,最后在榜时间：2024-04-19 12:55,主持人：饭圈资讯,34,34,227502
易烊千玺代言九号,最后在榜时间：2024-04-19 12:51,157,10,412332,0,0
周雨彤 保镖,最后在榜时间：2024-04-19 12:51,84,32,215425,0,0
伊朗军方拦截约5个目标,时事,最后在榜时间：2024-04-19 12:49,主持人：头条新闻,67,32,242942
1680的看台,明星-内地,最后在榜时间：2024-04-19 12:44,主持人：知南娱乐,258,11,461584
世界杯总决赛全红婵陈芋汐夺金,体育,最后在榜时间：2024-04-19 12:42,主持人：新浪体育,94,22,338226
我最爱的秀场LOOK,时尚,最后在榜时间：2024-04-19 12:40,主持人：FashionWealth,70,37,222355
救命神器AED关键时刻能救命,社会,最后在榜时间：2024-04-19 12:36,主持人：封面新闻,88,18,446525
问界新M5配色有多时尚,数码,最后在榜时间：2024-04-19 12:36,主持人：微博数码,82,16,472951
五菱星光充电15分钟续航200公里,汽车,最后在榜时间：2024-04-19 12:31,主持人：微博汽车,102,12,562440
伊媒称伊朗核设施未受损,军事,最后在榜时间：2024-04-19 12:29,主持人：环球网,61,29,259335
数码宝贝 小时候vs长大后,最后在榜时间：2024-04-19 12:25,75,29,223502,0,0
男子买4600台手机刷好评4个月赚300万,社会,最后在榜时间：2024-04-19 12:21,主持人：九派新闻,726,1,916965
物华弥新,游戏,最后在榜时间：2024-04-19 12:20,主持人：物华弥新,43,26,273925
贵价面包县城人不买单,社会,最后在榜时间：2024-04-19 12:18,主持人：新浪新闻,137,21,302108
舒淇晒与冯德伦结婚纪念日合照,明星,最后在榜时间：2024-04-19 12:17,主持人：头条娱乐网,280,11,470079
张艺兴MV现场拍摄花絮,明星-内地,最后在榜时间：2024-04-19 12:17,主持人：如何视频APP,22,38,201695
猫咪成了市场的监管员,搞笑,最后在榜时间：2024-04-19 12:09,主持人：人间奇趣记录仪,33,41,178623
儿子讲述父亲疑被当猎物枪杀,社会,最后在榜时间：2024-04-19 12:04,主持人：紧急呼叫,185,4,889068
伊朗暂时停飞多个城市的航班,时事,最后在榜时间：2024-04-19 12:03,主持人：CCTV国际时讯,62,29,243697
YG新女团vsHybe新女团,明星-日韩,最后在榜时间：2024-04-19 12:02,主持人：观琴新闻,177,16,366081
成毅代言李子园,最后在榜时间：2024-04-19 12:02,23,8,211367,0,0
都美竹晒详细说明回应,明星-内地,最后在榜时间：2024-04-19 12:00,主持人：星浪七子,157,16,379765
武艺喊老师喊成老婆,综艺,最后在榜时间：2024-04-19 11:55,主持人：著名胡说艺术家,197,8,460928
45岁绝经和54岁绝经哪个衰老更快,社会,最后在榜时间：2024-04-19 11:52,主持人：头条新闻,195,22,263554
以色列,旅游,最后在榜时间：2024-04-19 11:47,118,1,447136,0
晨起3个表现是肝在求救,社会,最后在榜时间：2024-04-19 11:45,主持人：头条新闻,698,1,1159646
跳水世界杯总决赛,体育,最后在榜时间：2024-04-19 11:42,主持人：新浪体育,24,35,188328
西安跳水总决赛今日开赛,体育,最后在榜时间：2024-04-19 11:42,主持人：咪咕体育,21,37,182515
晚上睡觉要盖好耳朵,最后在榜时间：2024-04-19 11:40,168,10,446679,0,0
气血不足的人要先学会忌口,健康,最后在榜时间：2024-04-19 11:39,主持人：生命时报,132,23,253093
景海鹏朱杨柱桂海潮获航天功勋奖章,社会,最后在榜时间：2024-04-19 11:39,主持人：新华社,618,3,1286935
华为Pura70红圈小金标,数码,最后在榜时间：2024-04-19 11:36,主持人：微博数码,83,13,433797
丫丫谷雨当然要吃竹子呀,社会,最后在榜时间：2024-04-19 11:31,主持人：新华网,105,25,212860
唐嫣走路仪态,明星-内地,最后在榜时间：2024-04-19 11:30,主持人：正牌娱乐,115,27,203644
鹿晗泰国,最后在榜时间：2024-04-19 11:28,681,4,718824,0,0
张艺兴韩国打歌Ending,明星,最后在榜时间：2024-04-19 11:27,主持人：新浪明星,213,26,247162
4月19日21时59分迎来谷雨,社会,最后在榜时间：2024-04-19 11:27,主持人：新华社,139,8,585269
宋亚轩回忆和杨迪第一次见面,综艺-内地综艺,最后在榜时间：2024-04-19 11:26,主持人：教母娱乐,21,39,161376
中方回应美一票否决巴勒斯坦入联申请,社会,最后在榜时间：2024-04-19 11:23,主持人：央视新闻,170,5,625281
山东专升本成绩,最后在榜时间：2024-04-19 11:21,58,17,350982,0,0
刘亦菲凯特布兰切特同框,明星,最后在榜时间：2024-04-19 11:15,主持人：善娱视频,38,39,154377
优质精子是如何养成的,科普,最后在榜时间：2024-04-19 11:14,主持人：生命时报,154,16,297494
庆余年 短剧,最后在榜时间：2024-04-19 11:10,663,6,542292,0,0
中医说早上不要破气,搞笑,最后在榜时间：2024-04-19 11:08,主持人：我和奇葩室友的日常,6,22,115675
陈奕迅杭州抢票,最后在榜时间：2024-04-19 11:08,27,27,226386,0,0
蒋勤勤摔了,明星,最后在榜时间：2024-04-19 11:07,主持人：新浪电影,637,2,742610
易烊千玺微电影开头已剧透,电影,最后在榜时间：2024-04-19 11:06,主持人：新浪电影,40,11,384247
突然读懂了广州这座城,社会,最后在榜时间：2024-04-19 11:04,主持人：微博小秘书,18,30,217631
港娱不是有顶流姜涛吗,最后在榜时间：2024-04-19 11:03,135,9,366765,0,0
谷雨,其他,最后在榜时间：2024-04-19 11:02,主持人：节日君,226,6,352852
周深在联合国献唱和平颂,最后在榜时间：2024-04-19 11:01,79,23,241261,0,0
刘亦菲裙子好像钢丝球,明星,最后在榜时间：2024-04-19 11:01,主持人：青春娱乐台,654,4,335081
为什么不拍叶轻眉,电视剧-国产剧,最后在榜时间：2024-04-19 10:59,主持人：影视扒爷,158,9,466793
Keria感谢中国粉丝,游戏,最后在榜时间：2024-04-19 10:49,主持人：竞圈星快报,64,36,156589
原来没富过写的小说是这样的,最后在榜时间：2024-04-19 10:48,109,31,177710,0,0
张真源严浩翔以为帐篷塌了是节目效果,综艺,最后在榜时间：2024-04-19 10:46,主持人：新浪综艺,72,27,215074
吴奇隆把鱼塞进裤子里,综艺,最后在榜时间：2024-04-19 10:39,主持人：新浪综艺,81,25,220766
原来iPhone还可以这样查岗,搞笑,最后在榜时间：2024-04-19 10:37,主持人：阿伟笑长,128,31,199093
林志玲 内娱美届纯元皇后,最后在榜时间：2024-04-19 10:35,626,4,424806,0,0
警方通报广西一家4口被杀害,社会,最后在榜时间：2024-04-19 10:29,主持人：头条新闻,174,5,785354
不经意却很伤头发的几个行为,社会,最后在榜时间：2024-04-19 10:23,主持人：中国新闻网,81,39,141497
癌症发生前的10大征兆,社会,最后在榜时间：2024-04-19 10:22,主持人：新浪热点,3,50,99261
F1,体育,最后在榜时间：2024-04-19 10:20,38,1,137633,0
屈臣氏买瓶水都被建议办卡,财经,最后在榜时间：2024-04-19 10:18,主持人：科学探索,40,39,151487
40个易读错的词语,社会,最后在榜时间：2024-04-19 10:16,主持人：人民网,20,43,135990
小龙虾身价暴跌,社会,最后在榜时间：2024-04-19 10:06,主持人：成都商报,599,1,829631
奶牛猫 特别有正义感的神经病,最后在榜时间：2024-04-19 10:04,30,41,135626,0,0
昆明蓝花楹盛开惊艳了春天,社会,最后在榜时间：2024-04-19 10:01,主持人：人民网,15,49,122065
巴勒斯坦入联申请遭美一票否决,时事,最后在榜时间：2024-04-19 10:01,主持人：央视新闻,169,1,1535551
广州市教育局回应体育中考遇暴雨,社会,最后在榜时间：2024-04-19 09:50,主持人：南方都市报,125,15,351895
文彬,明星,最后在榜时间：2024-04-19 09:49,131,1,326897,0
周杰伦演唱会隔空谢谢西湖大爷唱他的歌,社会,最后在榜时间：2024-04-19 09:47,主持人：钱江晚报,97,32,168285
过敏性鼻炎不止有氯雷他定,最后在榜时间：2024-04-19 09:46,59,14,408771,0,0
蒋勤勤报平安,明星,最后在榜时间：2024-04-19 09:44,主持人：娱乐课代表,118,7,469083
空腹快走真的好减肥,最后在榜时间：2024-04-19 09:44,59,38,153677,0,0
张艺兴全开麦,最后在榜时间：2024-04-19 09:42,96,20,228189,0,0
白鹿恭喜自己走进观众视野,综艺,最后在榜时间：2024-04-19 09:41,主持人：热剧观察,161,6,427090
狗 这是我亲大哥,最后在榜时间：2024-04-19 09:39,115,25,214143,0,0
越来越多人只舍得在吃上花钱,情感,最后在榜时间：2024-04-19 09:35,主持人：何以堪V,133,23,230834
张馨予谈减肥焦虑,明星-内地,最后在榜时间：2024-04-19 09:34,主持人：正牌娱乐,18,42,134460
宋雨琦金发红裙,明星,最后在榜时间：2024-04-19 09:32,主持人：音乐盒子_BoX,75,38,150976
专家鼓励买到下铺的年轻人跟老人换位,财经,最后在榜时间：2024-04-19 09:28,主持人：蓝鲸新闻,561,1,763281
汉字与美景适配度有多绝,社会,最后在榜时间：2024-04-19 09:25,主持人：人民日报,19,43,129159
张颜齐升级奶爸,综艺,最后在榜时间：2024-04-19 09:24,主持人：热剧指向标,15,36,175806
小猫 我的第一个人类,最后在榜时间：2024-04-19 09:22,87,38,127607,0,0
北京地铁5号线一列车故障,社会,最后在榜时间：2024-04-19 09:19,主持人：北京日报,48,2,930607
当你被体育生邀请回家看电影,最后在榜时间：2024-04-19 09:18,88,32,179015,0,0
养了九年的二哈突然攻击孩子,搞笑,最后在榜时间：2024-04-19 09:16,主持人：牵念,549,23,216759
你接受周末夫妻吗,情感,最后在榜时间：2024-04-19 09:09,主持人：伯文,542,24,192659
樊振东绝地反击,最后在榜时间：2024-04-19 09:08,58,25,199026,0,0
周杰伦杭州,明星,最后在榜时间：2024-04-19 09:05,62,22,220262,0
柯佳嬿让许光汉不要把话说死,明星,最后在榜时间：2024-04-19 09:02,主持人：新浪大文娱,133,12,299521
林志玲北影节热聊到哽咽,电影,最后在榜时间：2024-04-19 09:02,主持人：北京国际电影节,89,16,213192
LV大秀生图,明星,最后在榜时间：2024-04-19 08:58,主持人：剧综班主任,46,42,127219
谷雨过后再无寒,社会,最后在榜时间：2024-04-19 08:51,主持人：新华网,35,33,141571
有一个他更爱的人了,最后在榜时间：2024-04-19 08:48,32,40,133838,0,0
氯雷他定可能是疗效最差的药物,最后在榜时间：2024-04-19 08:47,386,1,604620,0,0
张颖颖将起诉张兰,明星,最后在榜时间：2024-04-19 08:44,主持人：芒果剧探,517,1,222014
台娱捧红许光汉 港娱能捧谁,最后在榜时间：2024-04-19 08:40,513,6,645313,0,0
雷军说小米不会造相机,社会,最后在榜时间：2024-04-19 08:38,主持人：西部决策,499,2,302656
雷军不知道张颂文提车了没,财经,最后在榜时间：2024-04-19 08:37,主持人：梨视频,509,1,299700
宋茜G社生图,明星-内地,最后在榜时间：2024-04-19 08:36,主持人：哇哦文艺,507,5,425874
女孩轻松拿捏男朋友和弟弟,最后在榜时间：2024-04-19 08:31,61,39,108441,0,0
每天坚持踮脚身体会发生什么变化,社会,最后在榜时间：2024-04-19 08:24,主持人：健康时报,472,24,142391
勒沃库森44场不败创纪录,体育,最后在榜时间：2024-04-19 08:20,主持人：咪咕体育,44,37,95599
刘昊然帅回来了,明星-内地,最后在榜时间：2024-04-19 08:12,485,1,215668,0
郑钦文无缘八强,最后在榜时间：2024-04-19 08:11,21,39,97920,0,0
雨生百谷且惜春光,社会,最后在榜时间：2024-04-19 08:11,主持人：新华网,60,10,365190
删公婆好友后发超长文怼了公公,情感,最后在榜时间：2024-04-19 08:09,主持人：赵子谦,482,22,150133
刘雨昕新歌Reality,明星,最后在榜时间：2024-04-19 08:09,主持人：星迅速达,23,38,109191
姑父强奸猥亵侄女7年被判13年,社会,最后在榜时间：2024-04-19 08:05,主持人：中国新闻周刊,478,21,220608
王楚钦vs雨果,体育,最后在榜时间：2024-04-19 08:03,主持人：新浪乒乓球,447,1,200638
亚特兰大0比1利物浦,最后在榜时间：2024-04-19 08:02,44,31,92209,0,0
下一个节气就到夏天了,社会,最后在榜时间：2024-04-19 08:01,主持人：人民日报,28,8,149772
4个习惯容易导致骨盆前倾,社会,最后在榜时间：2024-04-19 07:58,主持人：头条新闻,153,31,85860
周深受邀参加联合国第十五届中文日,最后在榜时间：2024-04-19 07:54,442,6,164573,0,0
约一半的肺癌患者确诊时有慢性咳嗽,健康,最后在榜时间：2024-04-19 07:53,主持人：新浪热点,280,27,78275
于正说祝绪丹事件是联手炒作,明星,最后在榜时间：2024-04-19 07:49,主持人：搜狐娱乐,461,4,174465
确认被爱后面相都变了,最后在榜时间：2024-04-19 07:48,461,22,218748,0,0
谷雨春天最后一个节气,社会,最后在榜时间：2024-04-19 07:47,主持人：大河财立方,12,44,70966
唐嫣新高定首穿,明星,最后在榜时间：2024-04-19 07:47,主持人：了不起的微光,184,18,74479
中国城市高铁第一隧道开始盾构掘进,社会,最后在榜时间：2024-04-19 07:46,主持人：蟹视频,235,10,200741
张天爱去了灵隐寺,明星,最后在榜时间：2024-04-19 07:45,主持人：正牌娱乐,314,33,79391
戚薇把泡泡袖拆了穿胳膊上,明星-内地,最后在榜时间：2024-04-19 07:44,主持人：酒酿熊子,433,8,215287
蔡依林说贵州没有不好吃的,音乐,最后在榜时间：2024-04-19 07:38,主持人：新浪音乐,448,2,573926
朱一龙 最年轻评委,最后在榜时间：2024-04-19 07:35,425,12,150084,0,0
过完谷雨夏天就近了,社会,最后在榜时间：2024-04-19 07:35,主持人：央视网,25,30,91396
沙溢瘦了20斤,其他,最后在榜时间：2024-04-19 07:34,429,2,133278,0
有性生活接种HPV疫苗仍旧有效,社会,最后在榜时间：2024-04-19 07:33,主持人：头条新闻,446,11,233881
如何早期发现隐匿性乳腺癌,社会,最后在榜时间：2024-04-19 07:32,主持人：新浪新闻,118,36,52616
关晓彤露腿好美,明星-内地,最后在榜时间：2024-04-19 07:31,主持人：中国网娱乐,187,12,235279
雨果淘汰,最后在榜时间：2024-04-19 07:24,436,14,255009,0,0
张远也要失联了,明星,最后在榜时间：2024-04-19 07:22,主持人：南往视频,315,11,325656
英超团灭,最后在榜时间：2024-04-19 07:17,207,8,79889,0,0
小狗忘了要对齐颗粒度,搞笑,最后在榜时间：2024-04-19 07:15,主持人：冷笑话精选,175,31,46777
郭艾伦为兄弟们加油,体育,最后在榜时间：2024-04-19 07:10,主持人：咪咕篮球,39,40,46039
于适评委身份亮相北影节红毯,电影-华语电影,最后在榜时间：2024-04-19 07:10,主持人：淘票票,94,20,46041
景海鹏获特级航天功勋奖章,社会,最后在榜时间：2024-04-19 07:10,主持人：央视新闻,26,40,49505
樊振东4比3林诗栋,体育,最后在榜时间：2024-04-19 07:09,主持人：新华社,419,14,200314
柯南小兰婚纱图,最后在榜时间：2024-04-19 07:07,413,8,267518,0,0
金牛座生日快乐,星座,最后在榜时间：2024-04-19 07:00,主持人：白桃星座,282,15,261405
火车下铺应该共享吗,社会,最后在榜时间：2024-04-19 06:44,主持人：新京报,128,30,28478
ttpd,最后在榜时间：2024-04-19 06:23,339,19,138799,0,0
成都的烧烤连卖相都在卷,搞笑,最后在榜时间：2024-04-19 06:07,主持人：一条有梗菌,55,42,17261
人生 易如反掌,最后在榜时间：2024-04-19 05:57,286,19,60945,0,0
春夏美甲,最后在榜时间：2024-04-19 05:53,52,37,16900,0,0
李宇春台风好飒,电影,最后在榜时间：2024-04-19 05:38,主持人：新浪娱乐,122,37,43054
燥候TTPD,明星,最后在榜时间：2024-04-19 05:09,主持人：善娱视频,118,34,33046
五金店店主荡自制秋千有多快乐,社会,最后在榜时间：2024-04-19 04:57,主持人：人民网,1,50,14505
电子宠物,时事,最后在榜时间：2024-04-19 04:43,主持人：爱国青年刘战神,231,6,106737
时代少年团演唱会座位图,明星-内地,最后在榜时间：2024-04-19 04:36,169,36,147486,0
七旬老人生前将心事写满院落,社会,最后在榜时间：2024-04-19 04:27,主持人：央视新闻,2,50,14720
周杰伦演唱会,明星,最后在榜时间：2024-04-19 04:26,主持人：周杰伦后援会官方微博,262,1,163752
迷你簸箕扫帚折纸教程,社会,最后在榜时间：2024-04-19 04:15,主持人：人民网,3,49,16429
黄牛卖十个勤天大米,综艺-内地综艺,最后在榜时间：2024-04-19 04:14,主持人：芒果青春娱乐,209,14,92044
来河南穿越千年,社会,最后在榜时间：2024-04-19 04:08,主持人：河南日报,26,10,41611
变形金刚起源首支预告,最后在榜时间：2024-04-19 04:06,72,44,44101,0,0
小伙用植物拼出各种动物栩栩如生,社会,最后在榜时间：2024-04-19 04:01,主持人：人民网,1,50,15379
川藏线上警察皲裂红肿的脸让人心疼,社会,最后在榜时间：2024-04-19 04:00,主持人：新华网,2,50,15475
大熊猫捅了笋窝了,社会,最后在榜时间：2024-04-19 03:58,主持人：农民频道,1,50,15742
奶奶弹奏凤凰琴思念去世60多年的爷爷,社会,最后在榜时间：2024-04-19 03:54,主持人：新华网,2,50,14546
莽小五的空中芭蕾我能循环看一天,社会,最后在榜时间：2024-04-19 03:51,主持人：新华网,11,14,30709
1岁幼童卡喉窒息护士120秒极速营救,社会,最后在榜时间：2024-04-19 03:50,主持人：大米Video,2,49,15497
轿车失控被公交司机15秒控制,社会,最后在榜时间：2024-04-19 03:47,主持人：中国之声,2,48,15818
患癌丈夫为阿尔兹海默症妻子写下道别信,社会,最后在榜时间：2024-04-19 03:46,主持人：安徽视讯,223,9,426257
青岛海警公园排练上春山,社会,最后在榜时间：2024-04-19 03:40,主持人：人民网,2,50,17342
一人一句为2024高考加油,社会,最后在榜时间：2024-04-19 03:40,主持人：新华社,2,48,17342
青环5是Kpop团建吧,综艺-内地综艺,最后在榜时间：2024-04-19 03:40,主持人：阅色官微,218,9,304033
00后已经开始研究三星堆了,社会,最后在榜时间：2024-04-19 03:39,主持人：四川观察,3,49,17517
边防警犬龙虎退役戴上大红花,社会,最后在榜时间：2024-04-19 03:38,主持人：中国长安网,2,49,17524
福宝迪拜式炫笋笋,社会,最后在榜时间：2024-04-19 03:36,主持人：中国新闻网,2,50,17666
春耕的表情,社会,最后在榜时间：2024-04-19 03:32,主持人：新华社,1,50,18252
樊振东让人看到了那颗最想赢的心,最后在榜时间：2024-04-19 03:31,198,9,128737,0,0
大学运动会马宝宝一个滑铲萌翻全场,社会,最后在榜时间：2024-04-19 03:28,主持人：人民网,2,50,18705
樊振东说美凌格永不言弃,体育,最后在榜时间：2024-04-19 03:26,主持人：咪咕体育,154,20,224505
00后飞行员驾歼16精准对接运油20,军事,最后在榜时间：2024-04-19 03:17,主持人：人民网,3,49,17908
这条视频安全感Max,社会,最后在榜时间：2024-04-19 03:08,主持人：人民网,1,50,18070
雷军称坦克700气势不输百万级SUV,汽车,最后在榜时间：2024-04-19 02:45,主持人：新浪汽车,142,29,134178
西安大学生爬山捡200多个塑料瓶,社会,最后在榜时间：2024-04-19 02:44,主持人：人民网,2,50,26850
张艺兴开始打歌了,明星-日韩,最后在榜时间：2024-04-19 02:28,主持人：爱豆上班啦,138,28,200606
儿子当兵回家探亲爸爸的反应亮了,社会,最后在榜时间：2024-04-19 02:11,主持人：新华网,1,50,35873
孙颖莎 将近40板的超强相持,最后在榜时间：2024-04-19 02:04,85,7,200714,0,0
吴磊关晓彤同框,明星,最后在榜时间：2024-04-19 01:45,主持人：善娱视频,103,27,202958
全力巩固和增强经济回升向好态势,社会,最后在榜时间：2024-04-19 01:24,主持人：人民日报评论,82,3,720694
RIIZE Shotaro 直拍,最后在榜时间：2024-04-19 01:14,25,36,82389,0,0
龙年纪念币,社会,最后在榜时间：2024-04-19 01:05,主持人：大象新闻,61,1,229013
昊磊,最后在榜时间：2024-04-19 00:35,29,18,140136,0,0
Amber断眉,明星-内地,最后在榜时间：2024-04-19 00:27,主持人：搜狐娱乐,1,5,96535
范丞丞 刚满18岁,最后在榜时间：2024-04-19 00:27,20,5,121769,0,0
教你用牙线制作爱神之箭,搞笑,最后在榜时间：2024-04-19 00:23,主持人：五行属二,21,46,128752
侯佩岑不老女神,明星,最后在榜时间：2024-04-19 00:14,主持人：娱乐小圈,12,27,177922
百分百出片妆容,最后在榜时间：2024-04-19 00:13,11,38,153787,0,0
王楚钦4比2雨果,体育,最后在榜时间：2024-04-19 00:10,主持人：新华社,8,20,200608
承欢记,电视剧,最后在榜时间：2024-04-19 00:07,主持人：电视剧承欢记,5,4,128765
理想L6售价24.98万起,社会,最后在榜时间：2024-04-19 00:00,主持人：凤凰网汽车,1,11,125337
奶奶弹奏凤凰琴思念去世60多年的爷爷,社会,最后在榜时间：2024-04-19 03:54,主持人：新华网,2,50,14546
莽小五的空中芭蕾我能循环看一天,社会,最后在榜时间：2024-04-19 03:51,主持人：新华网,11,14,30709
1岁幼童卡喉窒息护士120秒极速营救,社会,最后在榜时间：2024-04-19 03:50,主持人：大米Video,2,49,15497
轿车失控被公交司机15秒控制,社会,最后在榜时间：2024-04-19 03:47,主持人：中国之声,2,48,15818
患癌丈夫为阿尔兹海默症妻子写下道别信,社会,最后在榜时间：2024-04-19 03:46,主持人：安徽视讯,223,9,426257
青岛海警公园排练上春山,社会,最后在榜时间：2024-04-19 03:40,主持人：人民网,2,50,17342
一人一句为2024高考加油,社会,最后在榜时间：2024-04-19 03:40,主持人：新华社,2,48,17342
青环5是Kpop团建吧,综艺-内地综艺,最后在榜时间：2024-04-19 03:40,主持人：阅色官微,218,9,304033
00后已经开始研究三星堆了,社会,最后在榜时间：2024-04-19 03:39,主持人：四川观察,3,49,17517
边防警犬龙虎退役戴上大红花,社会,最后在榜时间：2024-04-19 03:38,主持人：中国长安网,2,49,17524
福宝迪拜式炫笋笋,社会,最后在榜时间：2024-04-19 03:36,主持人：中国新闻网,2,50,17666
春耕的表情,社会,最后在榜时间：2024-04-19 03:32,主持人：新华社,1,50,18252
樊振东让人看到了那颗最想赢的心,最后在榜时间：2024-04-19 03:31,198,9,128737,0,0
大学运动会马宝宝一个滑铲萌翻全场,社会,最后在榜时间：2024-04-19 03:28,主持人：人民网,2,50,18705
樊振东说美凌格永不言弃,体育,最后在榜时间：2024-04-19 03:26,主持人：咪咕体育,154,20,224505
00后飞行员驾歼16精准对接运油20,军事,最后在榜时间：2024-04-19 03:17,主持人：人民网,3,49,17908
这条视频安全感Max,社会,最后在榜时间：2024-04-19 03:08,主持人：人民网,1,50,18070
雷军称坦克700气势不输百万级SUV,汽车,最后在榜时间：2024-04-19 02:45,主持人：新浪汽车,142,29,134178
西安大学生爬山捡200多个塑料瓶,社会,最后在榜时间：2024-04-19 02:44,主持人：人民网,2,50,26850
张艺兴开始打歌了,明星-日韩,最后在榜时间：2024-04-19 02:28,主持人：爱豆上班啦,138,28,200606
儿子当兵回家探亲爸爸的反应亮了,社会,最后在榜时间：2024-04-19 02:11,主持人：新华网,1,50,35873
孙颖莎 将近40板的超强相持,最后在榜时间：2024-04-19 02:04,85,7,200714,0,0
吴磊关晓彤同框,明星,最后在榜时间：2024-04-19 01:45,主持人：善娱视频,103,27,202958
全力巩固和增强经济回升向好态势,社会,最后在榜时间：2024-04-19 01:24,主持人：人民日报评论,82,3,720694
RIIZE Shotaro 直拍,最后在榜时间：2024-04-19 01:14,25,36,82389,0,0
龙年纪念币,社会,最后在榜时间：2024-04-19 01:05,主持人：大象新闻,61,1,229013
昊磊,最后在榜时间：2024-04-19 00:35,29,18,140136,0,0
Amber断眉,明星-内地,最后在榜时间：2024-04-19 00:27,主持人：搜狐娱乐,1,5,96535
范丞丞 刚满18岁,最后在榜时间：2024-04-19 00:27,20,5,121769,0,0
教你用牙线制作爱神之箭,搞笑,最后在榜时间：2024-04-19 00:23,主持人：五行属二,21,46,128752
侯佩岑不老女神,明星,最后在榜时间：2024-04-19 00:14,主持人：娱乐小圈,12,27,177922
百分百出片妆容,最后在榜时间：2024-04-19 00:13,11,38,153787,0,0
王楚钦4比2雨果,体育,最后在榜时间：2024-04-19 00:10,主持人：新华社,8,20,200608
承欢记,电视剧,最后在榜时间：2024-04-19 00:07,主持人：电视剧承欢记,5,4,128765
理想L6售价24.98万起,社会,最后在榜时间：2024-04-19 00:00,主持人：凤凰网汽车,1,11,125337
奶奶弹奏凤凰琴思念去世60多年的爷爷,社会,最后在榜时间：2024-04-19 03:54,主持人：新华网,2,50,14546
莽小五的空中芭蕾我能循环看一天,社会,最后在榜时间：2024-04-19 03:51,主持人：新华网,11,14,30709
1岁幼童卡喉窒息护士120秒极速营救,社会,最后在榜时间：2024-04-19 03:50,主持人：大米Video,2,49,15497
轿车失控被公交司机15秒控制,社会,最后在榜时间：2024-04-19 03:47,主持人：中国之声,2,48,15818
患癌丈夫为阿尔兹海默症妻子写下道别信,社会,最后在榜时间：2024-04-19 03:46,主持人：安徽视讯,223,9,426257
青岛海警公园排练上春山,社会,最后在榜时间：2024-04-19 03:40,主持人：人民网,2,50,17342
一人一句为2024高考加油,社会,最后在榜时间：2024-04-19 03:40,主持人：新华社,2,48,17342
青环5是Kpop团建吧,综艺-内地综艺,最后在榜时间：2024-04-19 03:40,主持人：阅色官微,218,9,304033
00后已经开始研究三星堆了,社会,最后在榜时间：2024-04-19 03:39,主持人：四川观察,3,49,17517
边防警犬龙虎退役戴上大红花,社会,最后在榜时间：2024-04-19 03:38,主持人：中国长安网,2,49,17524
福宝迪拜式炫笋笋,社会,最后在榜时间：2024-04-19 03:36,主持人：中国新闻网,2,50,17666
春耕的表情,社会,最后在榜时间：2024-04-19 03:32,主持人：新华社,1,50,18252
樊振东让人看到了那颗最想赢的心,最后在榜时间：2024-04-19 03:31,198,9,128737,0,0
大学运动会马宝宝一个滑铲萌翻全场,社会,最后在榜时间：2024-04-19 03:28,主持人：人民网,2,50,18705
樊振东说美凌格永不言弃,体育,最后在榜时间：2024-04-19 03:26,主持人：咪咕体育,154,20,224505
00后飞行员驾歼16精准对接运油20,军事,最后在榜时间：2024-04-19 03:17,主持人：人民网,3,49,17908
这条视频安全感Max,社会,最后在榜时间：2024-04-19 03:08,主持人：人民网,1,50,18070
雷军称坦克700气势不输百万级SUV,汽车,最后在榜时间：2024-04-19 02:45,主持人：新浪汽车,142,29,134178
西安大学生爬山捡200多个塑料瓶,社会,最后在榜时间：2024-04-19 02:44,主持人：人民网,2,50,26850
张艺兴开始打歌了,明星-日韩,最后在榜时间：2024-04-19 02:28,主持人：爱豆上班啦,138,28,200606
儿子当兵回家探亲爸爸的反应亮了,社会,最后在榜时间：2024-04-19 02:11,主持人：新华网,1,50,35873
孙颖莎 将近40板的超强相持,最后在榜时间：2024-04-19 02:04,85,7,200714,0,0
吴磊关晓彤同框,明星,最后在榜时间：2024-04-19 01:45,主持人：善娱视频,103,27,202958
全力巩固和增强经济回升向好态势,社会,最后在榜时间：2024-04-19 01:24,主持人：人民日报评论,82,3,720694
RIIZE Shotaro 直拍,最后在榜时间：2024-04-19 01:14,25,36,82389,0,0
龙年纪念币,社会,最后在榜时间：2024-04-19 01:05,主持人：大象新闻,61,1,229013
昊磊,最后在榜时间：2024-04-19 00:35,29,18,140136,0,0
Amber断眉,明星-内地,最后在榜时间：2024-04-19 00:27,主持人：搜狐娱乐,1,5,96535
范丞丞 刚满18岁,最后在榜时间：2024-04-19 00:27,20,5,121769,0,0
教你用牙线制作爱神之箭,搞笑,最后在榜时间：2024-04-19 00:23,主持人：五行属二,21,46,128752
侯佩岑不老女神,明星,最后在榜时间：2024-04-19 00:14,主持人：娱乐小圈,12,27,177922
百分百出片妆容,最后在榜时间：2024-04-19 00:13,11,38,153787,0,0
王楚钦4比2雨果,体育,最后在榜时间：2024-04-19 00:10,主持人：新华社,8,20,200608
承欢记,电视剧,最后在榜时间：2024-04-19 00:07,主持人：电视剧承欢记,5,4,128765
理想L6售价24.98万起,社会,最后在榜时间：2024-04-19 00:00,主持人：凤凰网汽车,1,11,125337
